コード,RS,Industry RS
1301,27,14
130A,5,6
1332,77,14
1333,57,14
135A,96,8
1375,30,14
1376,34,14
1377,58,14
1379,37,14
137A,4,8
1380,36,14
1381,72,14
1382,18,14
1383,25,14
1384,70,14
138A,79,12
1401,78,66
1407,94,66
1414,31,66
1417,80,66
1418,74,66
1419,8,66
141A,42,12
1420,19,66
1429,22,66
142A,94,18
1430,26,66
1431,28,66
1433,18,66
1434,92,66
1435,41,32
1436,97,66
1438,35,66
143A,14,18
1443,42,66
1444,58,66
1446,20,66
1447,20,66
1450,38,66
145A,79,8
146A,57,32
147A,82,8
148A,27,8
1491,4,98
149A,46,8
150A,8,18
1514,9,90
1515,70,90
1518,76,30
151A,7,18
153A,97,8
155A,96,8
156A,45,18
157A,70,18
1605,89,90
160A,28,18
1662,70,90
1663,59,90
166A,83,32
167A,50,42
168A,59,30
1711,31,66
1716,29,66
1717,34,18
1718,67,66
1719,56,66
1720,61,66
1721,79,66
1723,92,66
1724,50,66
1726,76,66
1736,86,66
173A,21,8
1758,68,66
175A,20,8
1762,68,66
1764,22,66
1766,22,66
1768,53,66
1770,57,66
1773,64,66
1776,80,66
177A,4,60
1780,34,66
1783,67,32
1786,15,66
1787,40,66
1788,33,66
1793,76,66
1795,69,66
1798,70,66
1799,39,66
1801,70,66
1802,70,66
1803,70,66
1807,41,66
1808,64,66
1810,56,66
1811,92,66
1812,81,66
1813,46,66
1814,70,66
1815,84,66
1820,34,66
1822,19,66
1826,23,66
1827,83,66
1828,35,66
1833,61,66
1835,47,66
1840,34,66
1841,99,66
1844,93,66
1847,84,66
1848,67,66
184A,8,8
1850,70,66
1852,35,66
1853,43,66
1860,82,66
1861,63,66
1866,23,66
1867,60,66
186A,99,18
1870,44,66
1871,57,66
1873,21,66
1878,27,32
1879,77,66
1882,29,66
1885,70,66
1887,34,66
1888,13,66
1893,89,66
1897,55,66
1898,30,66
1899,80,66
189A,62,18
1904,71,66
1905,74,66
1909,97,78
190A,4,6
1911,16,66
1914,57,66
1921,74,66
1925,13,66
1926,77,66
1928,28,66
1929,30,66
192A,2,18
1930,74,66
1934,53,66
1938,80,66
1939,74,66
1941,76,66
1942,91,66
1944,87,66
1945,94,66
1946,91,66
1948,99,66
194A,70,18
1950,84,66
1951,78,66
1952,75,66
1959,85,66
195A,4,18
1960,89,66
1961,85,66
1963,94,66
1964,54,66
1965,87,66
1966,43,66
1967,64,66
1968,82,66
1969,75,66
196A,5,44
1972,35,66
1975,80,66
1976,54,66
1979,90,66
197A,25,6
1980,70,66
1981,24,66
1982,85,66
198A,1,8
1992,48,66
1994,52,66
1997,70,66
2001,52,20
2002,45,20
2003,26,20
2004,44,20
2009,64,20
202A,93,8
2053,49,20
2055,37,20
205A,87,66
2060,65,20
206A,3,6
208A,60,8
2108,87,20
2109,33,20
2112,69,20
2114,50,20
2117,48,20
211A,27,66
2120,57,18
2121,21,8
2122,71,18
2124,45,18
2127,40,18
212A,76,18
2130,24,18
2134,22,18
2136,59,18
2138,9,8
2139,50,18
2146,46,18
2148,6,18
2152,57,18
2153,28,18
2154,43,18
2156,10,18
2157,19,18
2158,21,18
215A,8,18
2160,17,6
2162,7,18
2163,40,18
2164,70,18
2168,7,18
2169,35,18
2170,42,18
2173,70,18
2175,80,18
2179,48,18
2180,96,18
2181,40,18
2183,6,18
2185,72,18
2186,44,18
218A,70,84
2193,7,18
2195,64,18
2196,23,18
2198,34,18
219A,4,6
2201,29,20
2204,30,20
2206,48,20
2207,80,20
2208,35,20
2209,19,20
220A,21,8
2211,31,20
2212,21,20
2215,50,20
2216,17,20
2217,19,20
2220,19,20
2221,28,20
2222,29,20
2224,37,20
2226,39,20
2229,32,20
2264,75,20
2266,16,20
2267,30,20
2268,42,20
2269,53,20
2270,65,20
2281,31,20
2282,55,20
2286,87,20
2288,61,20
228A,91,8
2291,3,20
2292,26,20
2293,27,20
2294,17,20
2296,28,20
2300,41,18
2301,20,18
2303,3,8
2304,54,18
2305,16,18
2307,24,8
2311,54,18
2315,35,8
2317,66,8
2321,70,8
2323,96,8
2325,71,18
2326,4,8
2327,18,8
2329,18,8
2330,4,8
2331,50,18
2332,81,8
2334,99,18
2335,30,8
2337,64,32
2338,20,8
2340,25,18
2341,44,18
2342,68,18
2344,95,18
2345,43,8
2349,42,8
2351,40,8
2353,36,32
2354,85,8
2359,50,8
2370,14,18
2371,97,18
2373,47,18
2375,17,18
2376,56,18
2378,24,18
2379,11,18
2384,87,24
2385,83,18
2388,4,44
2391,26,18
2393,58,18
2395,18,18
2404,61,18
2408,82,18
2410,80,18
2411,60,8
2413,30,18
2415,29,18
2418,22,18
241A,8,8
2424,35,18
2425,14,18
2428,21,18
2429,43,18
2432,29,8
2433,36,18
2435,54,18
2436,65,18
2437,33,18
2438,9,18
2440,3,18
2445,61,18
2449,56,18
244A,6,8
2454,33,18
2459,7,18
245A,16,12
2461,36,18
2462,34,18
2464,34,18
2469,52,18
246A,82,18
2471,12,18
2475,57,18
2477,5,8
2479,28,18
247A,4,60
2480,60,8
2481,26,18
2483,76,18
2484,4,8
2485,20,18
2488,82,18
2489,19,18
248A,8,8
2491,18,18
2492,37,18
2493,16,18
2497,17,18
2498,60,18
2499,18,18
2501,37,20
2502,11,20
2503,70,20
250A,17,20
2531,92,20
2533,49,20
253A,82,66
2540,75,20
254A,34,56
255A,97,84
256A,25,66
2573,73,20
2579,64,20
2585,81,20
2586,4,20
2587,21,20
2588,47,20
2590,31,20
2593,31,20
25935,38,20
2594,28,20
2597,60,20
2602,39,20
2607,52,20
2612,53,20
2613,38,20
261A,40,18
262A,19,12
264A,1,18
2652,53,12
2653,50,12
2654,59,12
2656,76,12
2659,49,12
265A,19,8
2664,61,12
2666,46,12
2667,13,42
2668,49,42
2669,70,12
2670,29,12
2673,5,12
2674,79,12
2676,33,42
2678,13,12
2681,78,12
2683,31,12
2685,62,12
2686,44,12
2687,22,18
2689,29,42
268A,98,84
2692,76,42
2693,95,42
2694,28,12
2695,28,12
2698,19,12
269A,19,8
2700,21,42
2702,66,12
2705,75,12
2708,37,42
2721,4,42
2722,24,12
2726,13,12
2730,69,12
2733,15,42
2734,33,12
2735,16,12
2736,51,12
2737,95,42
2742,9,12
2747,31,12
2749,22,18
274A,32,12
2750,69,42
2751,26,42
2752,36,12
2753,21,12
2760,75,42
2762,32,12
2763,24,42
2764,38,12
2767,19,42
2768,69,42
2769,10,12
276A,5,32
2776,15,42
2778,5,12
277A,78,18
2780,92,12
2782,57,12
2784,46,42
2788,46,42
2789,35,12
278A,99,84
2790,60,12
2791,3,12
2792,21,12
2795,48,42
2796,45,12
2798,38,12
2801,28,20
2802,79,20
2804,31,20
2805,91,20
2806,26,20
2809,62,20
280A,97,42
2810,71,20
2811,14,20
2813,50,20
2814,53,20
2815,15,20
2816,36,20
2818,33,20
2819,20,20
281A,97,8
2820,18,20
2831,45,20
285A,99,92
286A,4,18
2871,26,20
2872,34,20
2874,98,42
2875,49,20
2876,55,20
2877,37,20
287A,55,42
2882,27,20
2883,47,20
2884,4,20
288A,5,18
2892,73,20
2894,32,20
2897,11,20
2901,1,20
2903,70,20
2904,40,20
2907,51,20
2908,23,20
290A,82,8
2910,13,20
2911,32,20
2914,76,20
2915,31,20
2916,35,20
2917,34,20
2918,58,20
291A,2,18
2922,26,20
2923,38,20
2924,52,20
2926,57,20
2927,35,20
2929,14,20
2930,16,60
2931,15,20
2932,12,20
2933,31,20
2934,73,20
2935,55,20
2936,5,20
2937,59,20
2938,92,20
2961,70,38
2962,97,38
296A,70,18
2970,67,32
2975,81,32
2978,3,32
297A,17,12
2980,10,32
2981,82,32
2982,85,32
2983,70,32
2984,49,32
2986,68,32
298A,5,8
2991,43,32
2993,28,32
2997,60,32
2998,2,32
2999,71,32
299A,14,18
3001,42,48
3002,59,48
3003,39,32
3004,54,42
300A,78,18
3010,11,18
3011,55,12
3020,69,12
3021,53,18
3023,45,42
3024,27,42
3028,17,12
302A,25,18
3030,56,12
3031,20,8
3034,44,12
3035,75,42
3036,66,42
3038,3,42
303A,5,8
3040,86,8
3041,67,42
3042,35,8
3045,46,42
3046,84,12
3048,54,12
304A,20,8
3050,38,12
3053,28,12
3054,12,42
3058,37,12
3059,12,12
3063,76,12
3064,6,12
3065,31,12
3067,33,12
3068,24,12
3069,20,20
3070,9,42
3071,17,12
3075,38,12
3076,66,42
3077,96,12
3079,41,42
3080,37,12
3082,54,12
3083,83,12
3086,20,12
3087,24,12
3088,11,12
3089,81,42
3091,59,12
3092,7,12
3093,28,12
3096,66,12
3097,68,12
3099,81,12
3101,90,60
3103,99,48
3104,92,48
3105,95,92
3106,80,48
3107,81,42
3109,36,48
3110,99,80
3111,3,48
3113,27,56
3116,32,74
3121,13,18
3123,70,48
3131,80,42
3132,89,42
3133,1,12
3134,2,12
3135,58,12
3137,16,12
3138,70,12
3139,19,42
3140,39,42
3143,51,42
3148,37,12
3150,32,50
3151,76,42
3153,70,42
3154,25,42
3156,90,42
3157,64,42
3159,51,12
3160,31,42
3161,49,42
3166,35,42
3167,45,42
3168,94,42
3169,51,12
3172,39,12
3173,57,42
3174,6,12
3175,32,12
3176,40,42
3177,37,12
3178,12,12
3179,22,12
3180,18,42
3181,65,12
3182,31,12
3183,22,42
3184,73,12
3185,80,12
3186,89,12
3187,6,12
3189,1,12
3190,35,12
3191,52,12
3192,80,12
3193,15,12
3195,60,12
3196,9,12
3197,11,12
3198,36,12
3199,14,12
319A,98,38
3201,45,48
3202,70,48
3204,68,48
3205,12,48
3221,48,12
3222,13,12
3223,35,12
3224,28,12
3231,31,32
3232,34,32
3236,69,32
3237,16,32
3238,14,32
323A,6,8
3241,73,32
3242,59,32
3245,23,32
3246,35,32
3248,47,32
324A,3,18
3252,71,32
325A,39,48
3261,2,32
3266,23,32
3267,7,66
3271,83,32
3276,55,32
3277,50,32
3280,28,32
3284,34,32
3286,24,32
3288,68,32
3289,62,32
3291,32,32
3293,46,32
3294,99,32
3297,22,32
3299,8,32
3300,42,32
3302,70,48
3306,56,42
330A,1,8
3315,36,72
3317,28,12
331A,44,18
3320,65,42
3321,70,42
3323,19,42
3326,27,18
3329,27,12
332A,49,8
3333,27,12
3349,6,12
334A,79,8
3350,4,42
3352,61,12
3353,49,12
3355,55,42
3358,16,12
3359,58,42
335A,6,8
3360,46,42
3361,48,12
336A,52,8
3370,77,12
3371,9,8
3372,20,12
3374,84,42
3375,49,12
3377,22,42
3382,11,12
3386,48,42
3387,29,12
3388,54,42
338A,3,8
3391,13,12
3392,81,42
3393,70,42
3395,20,12
3396,40,12
3397,18,12
3399,49,12
339A,5,18
3401,72,48
3402,47,48
3405,18,60
3407,84,60
3409,4,48
340A,4,8
3415,61,12
3416,28,12
3417,63,42
3418,27,12
341A,20,66
3420,54,38
3421,41,38
3422,81,38
3423,45,38
3426,26,38
3431,15,38
3433,83,38
3434,52,38
3435,58,38
3436,99,38
3437,53,38
3439,53,38
343A,76,18
3440,35,38
3441,98,38
3443,24,38
3444,98,38
3445,98,38
3446,74,38
3447,54,38
3449,99,38
3452,48,32
3454,63,32
3457,11,32
3461,50,32
3465,61,32
3467,69,32
3469,18,32
3474,34,32
3475,47,32
3477,59,32
3479,7,32
3480,97,32
3482,29,32
3484,35,32
3486,14,32
3489,41,32
3490,52,32
3491,62,32
3494,19,32
3495,66,32
3496,48,32
3498,35,32
3501,19,48
350A,44,50
3512,87,48
3513,82,48
3521,30,18
3524,36,48
3529,35,48
352A,1,18
3536,41,12
3537,42,42
3538,20,12
3539,23,12
3541,91,42
3542,65,12
3543,36,42
3544,25,12
3546,70,12
3547,62,12
3548,32,12
3549,23,12
3550,49,12
3551,86,48
3553,39,60
3556,70,12
3557,3,12
3558,71,12
3559,29,42
3560,75,12
3561,36,12
3562,15,42
3563,86,12
3565,63,42
3566,82,12
3569,71,48
3571,40,48
3577,33,48
3580,18,48
3583,23,48
3591,32,48
3593,80,48
3597,50,48
3598,30,48
3600,48,48
3607,57,48
3608,58,48
3611,70,48
3612,54,48
3622,28,8
3623,25,8
3624,7,8
3625,8,8
3626,53,8
3627,57,8
3628,90,8
3632,24,8
3633,39,8
3634,22,8
3635,6,8
3636,43,8
3639,20,8
3640,58,8
3641,30,8
3645,12,8
3646,14,8
3647,11,8
3648,69,8
3649,47,8
3652,96,8
3653,4,8
3656,70,8
3657,18,8
3659,19,8
365A,,48
3660,7,8
3661,15,8
3662,19,8
3663,73,8
3664,11,8
3665,66,8
3667,1,8
3668,15,8
366A,,18
3670,30,8
3671,83,8
3672,3,8
3673,87,8
3674,22,8
3675,14,8
3676,17,8
3678,8,8
3679,29,8
367A,,12
3680,53,8
3681,1,8
3682,24,8
3683,24,8
3686,3,8
3687,95,8
368A,,84
3690,30,8
3691,96,8
3692,68,8
3694,17,8
3695,9,8
3696,63,8
3697,11,8
3698,36,8
369A,,18
3708,78,26
3710,43,8
3712,36,8
3719,57,8
3723,89,8
3726,7,12
3727,13,8
372A,,18
3733,14,8
373A,,60
3741,84,8
3744,88,8
3747,77,8
3750,51,8
3753,26,8
3758,25,8
3760,6,8
3762,29,8
3763,83,8
3765,10,8
3766,65,8
3768,51,8
3769,69,8
3771,47,8
3772,41,32
3773,43,8
3774,87,8
3776,87,8
3777,90,8
3778,24,8
3779,27,8
3787,6,8
3788,30,8
378A,,18
3791,14,8
3793,14,8
3796,69,8
3798,39,8
3799,48,8
3800,45,8
3802,42,8
3803,60,8
3804,15,8
3807,12,8
3810,16,8
3815,14,8
3816,38,8
3817,47,8
3823,2,8
3825,2,12
3826,51,8
3834,19,8
3835,11,8
3836,9,8
3837,67,8
3839,50,8
3840,9,8
3841,31,8
3842,43,8
3843,32,8
3844,14,8
3845,96,8
3848,59,8
3850,18,8
3851,38,8
3853,99,8
3854,49,8
3856,69,92
3858,50,8
3861,46,26
3863,60,26
3864,90,26
3865,15,26
386A,,12
3877,72,26
3878,75,60
387A,,8
3880,35,26
3891,98,26
3892,61,26
3895,23,26
3896,29,26
3900,8,8
3901,5,8
3902,98,8
3903,5,8
3904,20,8
3905,99,8
3907,98,8
3908,20,8
3909,6,8
3910,23,8
3911,5,8
3912,51,8
3913,89,8
3914,34,8
3915,24,8
3916,9,8
3917,9,8
3918,63,8
3920,52,8
3921,40,8
3922,46,8
3923,80,8
3924,77,8
3925,13,8
3926,2,8
3927,77,8
3928,24,8
3929,63,8
3930,9,8
3931,64,8
3932,48,8
3933,10,8
3934,85,8
3935,58,8
3936,80,8
3937,40,8
3939,59,8
3940,21,8
3941,87,26
3943,27,26
3944,46,26
3945,24,26
3946,82,26
3947,33,26
3948,60,26
3950,63,26
3951,35,26
3953,34,26
3954,82,26
3955,15,26
3958,44,26
3962,17,8
3963,9,8
3964,90,8
3965,44,8
3967,18,8
3968,79,8
3969,32,8
3970,10,8
3974,70,8
3976,80,8
3979,50,8
3981,32,8
3983,16,8
3984,57,8
3985,12,8
3986,53,8
3987,65,8
3988,46,8
3989,12,8
3991,8,8
3992,9,8
3993,65,8
3994,84,8
3996,3,8
3997,70,8
3998,24,8
4004,99,60
4005,86,60
4008,73,60
4011,7,8
4012,40,8
4013,42,8
4014,17,8
4015,7,8
4016,70,8
4017,12,8
4019,4,8
4020,68,8
4021,86,60
4022,95,60
4023,60,60
4025,88,60
4026,75,80
4027,92,60
4028,86,60
402A,,74
4031,76,60
4040,71,60
4041,64,60
4042,72,60
4043,90,60
4044,72,60
4045,61,60
4046,53,60
4047,99,60
4051,76,8
4052,7,8
4053,37,8
4054,5,8
4055,89,8
4056,2,8
4057,8,8
4058,63,8
4059,7,8
4060,61,8
4061,94,60
4062,99,92
4063,88,60
4064,87,60
4068,16,8
4069,53,8
4071,85,8
4072,76,8
4073,22,8
4074,15,8
4075,88,8
4076,40,8
4078,90,60
407A,,66
4082,97,60
4088,82,60
4091,63,60
4092,95,60
4093,59,60
4094,32,60
4095,61,60
4097,49,60
4098,85,60
4099,96,60
409A,,20
4100,93,60
4102,51,60
4107,70,60
4109,91,60
410A,,18
4112,81,60
4113,4,60
4114,53,60
4116,67,60
4118,77,60
4119,90,60
4120,66,60
4124,53,60
4125,80,60
414A,,8
4151,44,6
415A,,18
4165,11,8
4166,84,8
4167,5,8
4168,56,8
4169,7,8
416A,,42
4170,6,8
4171,75,8
4172,44,8
4174,11,8
4175,82,8
4176,7,8
4177,61,8
4178,7,8
4179,58,8
417A,24,12
4180,62,8
4182,94,60
4183,69,60
4186,96,60
4187,94,60
4188,76,60
4189,49,60
4192,8,8
4193,61,8
4194,67,8
4196,77,8
4197,38,8
4198,6,8
4199,5,8
4202,36,60
4203,90,60
4204,14,60
4205,79,60
4206,23,60
4208,74,60
4212,50,60
4216,90,60
4218,24,60
421A,,18
4220,75,60
4221,63,60
4222,48,60
4224,71,60
4228,86,60
4229,67,60
4231,58,60
4234,40,60
4235,44,60
4237,21,60
4238,73,60
423A,,42
4240,45,60
4241,70,60
4242,63,60
4243,54,60
4245,32,60
4246,88,60
4247,41,60
4248,42,60
4249,36,60
4251,70,60
4255,97,8
4256,30,8
4258,88,8
4259,99,8
4260,5,8
4261,89,8
4262,55,8
4263,48,8
4264,20,8
4265,16,8
4270,21,8
4272,84,60
4274,34,60
4275,89,60
4284,44,8
4286,73,18
4287,60,8
4288,6,8
428A,,12
4290,32,18
4293,88,18
4299,25,8
429A,,30
4301,41,18
4307,78,8
4308,29,8
4310,33,18
4316,70,8
4317,26,18
4318,41,18
431A,,8
4320,95,8
4323,28,8
4324,51,18
4326,37,8
4331,16,18
4333,32,8
4334,54,8
4335,44,8
4337,21,18
4341,36,18
4343,26,18
4344,10,8
4345,28,18
4346,38,44
4347,40,18
4350,57,12
4351,63,44
4356,28,8
4360,70,60
4361,51,60
4362,55,60
4365,,60
4366,94,60
4367,83,60
4368,97,60
4369,68,60
436A,,8
4370,18,8
4371,75,8
4372,22,8
4373,88,8
4374,77,8
4375,19,8
4376,18,8
4377,52,8
4378,18,8
4379,67,8
4380,23,8
4381,7,8
4382,8,8
4384,78,8
4385,88,8
4386,64,8
4387,3,8
4388,28,8
4389,58,8
438A,,8
4390,92,8
4391,26,8
4392,99,8
4393,7,8
4394,2,8
4395,13,8
4396,15,8
4397,25,8
4398,33,8
4401,81,60
4403,60,60
4404,59,20
4406,35,60
4409,31,60
4410,70,60
4412,55,8
4413,68,8
4414,3,8
4415,86,8
4416,2,8
4417,88,8
4418,34,8
4419,88,8
441A,,8
4420,79,8
4421,31,8
4422,99,8
4424,6,8
4425,78,8
4427,45,8
4428,8,8
4429,16,8
442A,,48
4430,30,8
4431,10,8
4432,12,8
4433,27,8
4434,36,8
4436,44,8
4437,68,8
4438,15,8
4439,7,8
4440,12,8
4441,54,8
4442,25,8
4443,85,8
4444,15,8
4445,37,8
4446,70,8
4447,24,8
4448,9,8
4449,25,8
4450,73,8
4452,28,60
4461,97,60
4462,58,60
4463,67,60
4464,95,60
4465,37,60
446A,,18
4471,67,60
4475,43,8
4476,12,8
4477,6,8
4478,15,8
4479,37,8
4480,19,8
4481,32,8
4482,51,8
4483,14,8
4484,61,8
4486,64,8
4487,5,8
4488,13,8
4490,41,8
4491,46,8
4492,8,8
4493,71,8
4494,16,8
4495,64,8
4496,17,8
4498,26,8
4499,92,8
4502,55,6
4503,81,6
4506,70,6
4507,60,6
4512,18,6
4516,49,6
4519,25,6
4521,41,6
4523,33,6
4524,35,6
4526,48,20
4527,58,6
4528,77,6
4530,62,6
4531,62,60
4534,47,6
4536,69,6
4538,17,6
4539,43,6
4540,41,6
4543,55,84
4544,58,18
4547,25,6
4548,65,6
4549,70,6
4552,41,6
4553,65,6
4554,85,6
4556,83,6
4558,36,6
4559,50,6
4563,11,6
4564,39,6
4565,74,6
4568,14,6
4569,11,6
456A,,12
4570,70,6
4571,12,6
4572,86,6
4574,21,6
4575,3,6
4576,4,6
4577,52,6
4578,86,6
4579,27,6
4582,2,6
4583,3,6
4584,30,6
4586,69,6
4587,6,6
4588,98,6
4591,10,6
4592,3,6
4593,43,6
4594,59,6
4595,52,6
4596,70,6
4597,13,6
4598,2,6
4599,33,6
460A,,8
4611,43,60
4612,24,60
4613,52,60
4615,29,60
4616,55,60
4617,70,60
4619,71,60
4620,89,60
4623,36,60
4624,46,60
4625,39,60
4626,70,60
4627,68,60
4628,42,60
4629,78,60
462A,,56
4631,88,60
4633,57,60
4634,70,60
4635,70,60
463A,,32
4641,15,18
4642,53,18
4644,46,8
4645,43,18
464A,98,8
4650,24,18
4651,43,18
4657,60,18
4658,74,18
4659,78,18
4661,7,18
4662,69,8
4664,88,18
4665,44,18
4666,16,32
4667,55,8
4668,32,18
4671,55,18
4673,87,18
4674,49,8
4676,74,8
4678,33,18
4679,19,18
4680,18,18
4681,38,18
4684,24,8
4685,24,8
4686,79,8
4687,13,8
4689,35,8
4690,90,18
4691,85,18
4694,51,18
469A,,18
4704,21,8
4705,31,18
4707,23,18
4709,50,8
4712,53,18
4714,16,18
4716,5,8
4718,72,18
4719,41,8
471A,,44
4720,39,18
4722,16,8
4725,27,8
4728,41,8
472A,,8
4732,55,18
4733,40,8
4735,27,18
4736,29,8
4743,64,8
4746,56,8
4750,47,18
4751,28,18
4752,51,8
4754,44,18
4755,28,18
475A,,18
4760,54,18
4761,63,8
4762,62,8
4763,16,18
4765,32,18
4766,11,18
4767,57,18
4768,36,8
4769,52,8
476A,,8
4771,54,18
4772,13,8
4776,52,8
4777,38,8
477A,,18
4783,9,8
4784,1,18
478A,,8
4792,47,18
479A,,8
4800,94,8
4801,27,18
4809,49,32
480A,,18
4811,22,8
4812,67,8
4813,5,8
4814,16,8
4816,17,8
4819,7,8
4820,7,8
4825,50,8
4826,38,8
4828,70,8
4829,13,8
4832,52,8
4833,2,18
4838,63,8
4839,44,8
483A,,8
4840,99,18
4845,16,8
4847,22,8
4848,22,18
4849,25,18
485A,,92
4875,34,6
4880,4,6
4881,3,6
4882,2,6
4883,3,6
4884,4,6
4885,38,6
4886,73,6
4887,17,6
4888,31,6
4889,24,6
4890,12,6
4891,17,6
4892,5,6
4893,11,6
4894,6,6
4896,20,6
4901,58,60
4902,78,92
4911,43,60
4912,25,60
4914,18,60
4917,91,60
4918,10,60
4919,41,60
4920,51,60
4922,25,60
4923,10,60
4925,29,60
4926,41,60
4927,26,60
4928,41,60
4929,23,60
4931,15,60
4932,5,60
4933,31,60
4934,6,60
4935,13,60
4936,10,60
4937,84,60
4951,28,60
4956,64,60
4958,55,60
4960,88,60
4966,93,60
4967,52,60
4968,66,60
4970,97,60
4971,98,60
4972,92,60
4973,88,60
4974,70,60
4975,91,60
4976,43,60
4977,76,60
4978,9,60
4979,67,60
4980,97,60
4985,27,60
4990,36,60
4992,72,60
4994,16,60
4996,45,60
4997,71,60
4998,45,60
500A,,8
5010,56,72
5011,13,72
5013,83,72
5015,66,72
5016,98,98
5018,77,72
5019,80,72
5020,85,72
5021,54,72
5025,29,8
5026,5,8
5027,41,8
5028,51,8
5029,12,8
5031,97,8
5032,37,8
5033,15,8
5034,50,8
5035,13,8
5036,68,8
5038,13,8
504A,,6
505A,,18
5071,46,18
5074,98,66
5076,91,66
50765,43,66
5078,52,66
5079,36,66
5101,89,36
5103,19,36
5105,69,36
5108,51,36
5110,39,36
5121,83,36
5122,45,36
5125,15,8
5126,8,8
5129,2,8
5131,19,8
5132,19,8
5133,49,8
5134,10,8
5136,7,8
5137,11,8
5138,1,8
5139,21,8
5142,14,60
5161,62,36
5162,51,36
5184,58,36
5185,39,36
5186,88,36
5187,50,84
5189,81,36
5192,48,36
5194,8,36
5195,70,36
5199,51,36
5201,81,80
5202,27,80
5204,41,80
5208,79,60
5210,23,80
5214,89,80
5216,3,80
5218,86,80
5232,81,80
5233,60,80
5237,72,80
5240,2,8
5242,10,8
5243,67,8
5244,8,8
5246,10,8
5247,14,8
5248,7,8
5250,62,8
5252,81,8
5253,15,8
5254,12,8
5255,94,8
5256,76,8
5257,49,8
5258,82,8
5259,17,8
5261,57,18
5262,67,80
5268,85,80
5269,47,80
5271,40,80
5273,18,80
5279,42,80
5280,48,32
5282,61,80
5283,22,42
5284,61,80
5285,15,80
5287,70,80
5288,89,80
5290,74,80
5301,94,80
5302,47,80
5304,60,80
5310,89,80
5331,92,80
5332,90,80
5333,98,80
5334,93,80
5337,79,80
5341,12,80
5344,93,80
5351,45,80
5352,85,80
5355,48,80
5356,79,80
5357,26,80
5363,83,80
5367,97,80
5368,17,80
5380,7,80
5381,91,80
5384,92,80
5388,54,80
5391,68,80
5393,92,80
5401,37,54
5406,55,54
5408,41,54
5410,6,54
5411,20,54
5423,63,54
5440,15,54
5444,67,54
5445,29,54
5446,21,54
5449,33,54
5451,58,54
5458,75,54
5461,27,54
5463,82,54
5464,45,54
5471,89,54
5480,53,54
5482,77,54
5484,97,54
5491,51,54
5527,70,32
5532,93,32
5533,49,32
5535,1,32
5537,70,32
5541,63,54
5542,60,54
5563,92,54
5570,32,8
5571,33,8
5572,53,8
5574,8,8
5575,25,8
5576,69,8
5578,83,8
5580,24,8
5582,19,8
5586,14,8
5587,18,8
5588,3,8
5589,63,8
5590,49,8
5591,3,8
5592,63,8
5597,96,8
5599,12,8
5602,68,54
5603,49,54
5609,58,54
5612,45,54
5616,6,8
5618,23,8
5619,36,8
5621,13,8
5631,70,78
5632,78,54
5644,95,54
5658,56,54
5659,72,54
5660,83,54
5695,70,54
5697,72,54
5698,76,54
5699,73,54
5702,93,98
5703,89,98
5704,26,98
5706,99,98
5707,69,98
5711,91,98
5713,94,98
5714,91,98
5715,70,98
5721,31,98
5724,70,98
5726,85,98
5727,96,98
5729,70,98
5741,95,98
5742,18,98
5753,51,98
5757,72,98
5801,99,98
5802,98,98
5803,99,98
5805,90,98
5816,88,98
5817,92,98
5819,52,98
5820,16,98
5821,70,98
5830,86,96
5831,84,96
5832,83,96
5834,55,56
5838,6,96
5842,65,56
5843,73,44
5844,91,96
5845,58,44
5851,66,98
5852,40,98
5856,1,12
5857,70,98
5858,9,98
5867,55,18
5868,27,18
5869,60,18
5870,62,18
5871,13,18
5884,87,12
5885,77,42
5888,4,12
5889,30,12
5891,20,12
5892,21,12
5900,39,38
5901,74,38
5902,56,38
5903,87,38
5905,32,38
5906,70,38
5909,30,38
5911,43,38
5915,78,38
5918,47,38
5921,55,38
5922,68,38
5923,31,38
5928,47,38
5929,8,38
5930,17,38
5932,29,38
5933,32,38
5936,55,38
5938,41,38
5939,11,38
5940,19,38
5941,40,38
5942,53,38
5943,52,38
5945,68,38
5946,44,38
5947,20,38
5949,64,74
5950,7,38
5951,75,38
5952,39,38
5955,27,38
5956,30,38
5957,72,38
5958,59,38
5959,41,38
5962,42,30
5965,68,38
5966,26,38
5967,31,38
5969,30,38
5970,77,38
5971,61,38
5973,53,38
5974,67,38
5975,76,38
5976,60,38
5981,74,38
5982,30,38
5983,91,38
5984,33,38
5985,99,38
5986,71,38
5987,19,38
5988,12,38
5989,82,38
5990,42,38
5991,94,38
5992,96,38
5994,70,38
5997,72,38
5998,97,38
6005,54,78
6013,87,78
6016,70,74
6018,95,74
6022,70,78
6023,90,74
6027,20,18
6029,80,18
6030,1,18
6031,11,18
6033,57,18
6034,28,18
6035,21,18
6036,4,18
6037,62,18
6038,41,18
6039,70,18
6040,51,18
6042,77,74
6044,86,18
6045,66,18
6046,17,18
6047,14,18
6049,38,18
6050,17,18
6054,7,18
6055,71,18
6058,78,18
6059,47,18
6061,63,18
6062,50,18
6063,15,18
6069,9,18
6070,29,18
6071,64,18
6072,99,18
6073,12,18
6074,56,18
6078,29,18
6080,65,18
6081,25,18
6082,30,18
6083,12,18
6085,99,18
6086,69,18
6087,46,18
6088,3,18
6089,38,18
6090,17,18
6091,65,18
6092,75,18
6093,44,18
6094,62,18
6096,59,18
6098,93,18
6099,17,18
6101,98,78
6103,40,78
6104,59,78
6113,91,78
6118,65,78
6125,79,78
6134,97,78
6135,79,78
6136,91,78
6137,67,78
6138,74,78
6140,86,78
6141,67,78
6143,93,78
6144,75,78
6145,88,78
6146,81,78
6147,3,78
6149,61,78
6150,13,78
6151,23,78
6155,47,78
6156,52,78
6157,64,78
6158,47,78
6159,56,78
6161,56,78
6165,71,78
6166,70,78
6167,63,78
6171,45,18
6173,1,18
6176,89,18
6177,10,18
6178,75,18
6180,13,18
6181,3,18
6182,54,18
6183,57,18
6184,26,18
6185,14,18
6186,37,18
6189,79,18
6190,35,18
6191,44,18
6193,56,18
6194,34,18
6195,41,18
6196,32,18
6197,94,18
6198,9,18
6199,7,18
6200,6,18
6201,60,74
6203,82,78
6208,59,78
6209,80,78
6210,51,78
6217,99,78
6218,72,78
6222,39,78
6223,67,78
6224,66,78
6226,68,78
6227,70,78
6228,9,78
6229,70,78
6230,58,78
6231,38,78
6232,97,78
6233,34,78
6235,94,78
6237,75,78
6238,79,78
6239,24,78
6240,32,78
6245,77,78
6246,61,78
6247,51,78
6248,47,78
6249,44,78
6250,85,78
6254,94,78
6255,50,78
6257,35,78
6258,76,78
6262,38,78
6264,96,78
6265,80,78
6266,93,78
6267,73,78
6268,92,78
6269,70,78
6272,61,78
6273,57,78
6276,81,92
6277,65,78
6278,99,78
6279,17,78
6282,56,78
6284,83,78
6286,70,78
6287,41,78
6289,48,78
6291,59,78
6292,55,78
6293,46,78
6294,30,78
6298,83,78
6301,71,78
6302,81,78
6305,42,78
6306,67,78
6307,42,78
6309,45,78
6310,86,78
6315,89,78
6316,67,78
6317,70,78
6322,48,78
6323,93,78
6324,96,78
6325,51,78
6326,78,78
6327,99,78
6328,67,78
6330,70,66
6331,93,78
6332,56,78
6333,22,78
6334,82,78
6335,89,78
6336,93,78
6337,75,78
6338,53,78
6339,81,78
6340,67,78
6342,27,78
6343,45,78
6345,41,78
6346,37,78
6347,70,78
6349,34,78
6351,56,78
6356,97,78
6357,91,78
6358,45,78
6360,77,78
6361,92,78
6363,71,78
6364,15,78
6365,65,78
6366,70,66
6367,80,78
6368,90,78
6369,43,78
6370,80,78
6371,75,78
6376,94,84
6378,71,78
6379,67,66
6380,95,78
6381,51,78
6382,63,78
6383,90,78
6384,71,78
6387,98,78
6390,19,78
6391,74,78
6392,84,78
6393,48,78
6395,62,78
6396,65,78
6400,46,78
6402,50,78
6403,90,78
6405,3,78
6407,95,78
6408,73,78
6412,26,78
6413,14,78
6417,7,78
6418,21,78
6419,42,78
6420,50,78
6424,22,78
6425,9,78
6428,33,78
6430,35,78
6432,74,78
6433,70,78
6436,16,78
6440,70,78
6444,69,78
6445,32,78
6448,85,92
6454,77,78
6455,48,74
6457,74,78
6458,28,78
6459,42,78
6460,12,78
6463,76,78
6464,67,78
6465,27,78
6466,70,78
6467,25,78
6469,70,78
6470,84,78
6471,85,78
6472,92,78
6473,88,78
6474,87,78
6479,94,92
6480,99,78
6481,94,78
6482,38,78
6484,54,78
6485,45,78
6486,70,78
6488,57,78
6489,50,78
6490,93,78
6492,98,78
6493,70,74
6494,29,78
6495,67,78
6496,70,78
6497,57,78
6498,89,78
6501,75,92
6503,91,92
6504,94,92
6505,79,92
6506,94,92
6507,89,92
6508,95,92
6513,42,92
6516,93,92
6517,67,92
6518,98,92
6521,98,92
6522,96,92
6523,59,92
6524,97,92
6525,95,92
6526,88,92
6532,74,18
6533,68,18
6535,24,18
6537,10,18
6538,86,18
6539,34,18
6540,31,18
6543,84,18
6544,49,18
6545,44,18
6546,38,18
6547,13,18
6548,3,18
6549,80,18
6551,11,18
6552,59,18
6554,42,18
6555,57,18
6557,2,18
6558,28,18
6560,39,18
6561,7,18
6562,9,18
6563,9,18
6564,35,18
6565,25,18
6566,64,18
6568,57,18
6570,90,18
6571,60,18
6572,10,18
6573,2,18
6574,99,18
6577,8,18
6578,49,18
6579,49,18
6580,6,18
6584,81,74
6586,53,78
6588,38,92
6590,97,92
6592,66,92
6594,55,92
6597,99,92
6599,85,92
6612,7,92
6613,99,92
6614,51,92
6615,5,92
6616,97,92
6617,97,92
6619,90,92
6620,3,32
6622,93,92
6625,39,32
6626,40,92
6627,98,92
6629,96,92
6630,22,92
6632,15,92
6633,47,92
6634,2,92
6635,90,92
6637,69,92
6638,38,92
6643,74,92
6644,83,92
6645,76,92
6647,79,92
6648,70,92
6651,79,92
6652,77,92
6653,87,92
6654,43,92
6656,79,92
6658,10,92
6659,96,92
6662,25,92
6663,65,92
6664,18,92
6666,99,92
6668,96,92
6670,75,92
6674,94,92
6675,66,92
6676,95,92
6677,64,92
6678,39,92
6694,37,92
6696,3,92
6699,8,92
6701,81,92
6702,54,92
6703,95,92
6706,89,92
6707,72,92
6718,42,92
6721,4,92
6723,96,92
6724,89,92
6727,74,92
6728,83,92
6730,66,92
6731,2,92
6736,85,92
6737,78,92
6740,99,92
6741,78,92
6742,76,92
6743,84,92
6744,76,92
6745,90,92
6748,70,92
6750,36,92
6752,95,92
6753,23,92
6754,97,92
6757,59,92
6758,54,92
6762,98,92
6763,75,92
6768,95,92
6769,86,92
6770,80,92
6771,30,92
6772,37,92
6775,12,92
6776,42,60
6777,98,92
6778,40,92
6779,99,92
6785,90,92
6786,14,18
6787,99,92
6788,35,92
6794,92,92
6797,39,92
6798,79,92
6800,98,92
6803,48,92
6804,72,92
6806,87,92
6807,35,92
6809,84,92
6810,43,92
6814,70,92
6817,85,92
6819,29,18
6820,45,92
6822,93,92
6823,79,92
6824,94,92
6832,81,92
6834,99,92
6835,83,92
6836,77,92
6837,43,92
6838,98,92
6840,99,92
6841,73,92
6844,84,92
6845,80,92
6848,43,92
6849,10,92
6850,78,92
6853,87,92
6855,96,92
6856,95,92
6857,98,92
6858,74,92
6859,78,92
6861,75,92
6862,93,92
6863,84,92
6864,91,92
6866,95,92
6867,57,92
6869,7,92
6870,82,92
6871,97,92
6874,55,92
6875,95,92
6877,87,92
6882,90,92
6888,29,8
6890,97,92
6894,66,92
6897,28,92
6898,64,92
6899,63,92
6901,75,92
6902,26,74
6904,30,92
6905,83,92
6907,16,92
6908,59,92
6912,78,92
6914,96,92
6915,59,92
6918,88,92
6919,39,92
6920,96,92
6923,74,92
6925,95,92
6926,72,92
6927,35,92
6928,94,92
6929,77,92
6932,63,92
6941,98,92
6942,62,8
6943,58,92
6946,70,92
6947,34,92
6951,83,92
6952,84,92
6954,91,92
6955,37,92
6958,94,92
6960,89,92
6961,70,92
6962,95,92
6963,99,92
6964,49,92
6965,93,92
6966,81,92
6969,99,92
6971,91,92
6976,99,92
6977,92,92
6981,99,92
6982,39,74
6986,63,92
6988,51,60
6989,65,92
6993,99,12
6994,97,92
6995,71,74
6996,98,92
6997,99,92
6998,82,92
6999,97,92
7003,70,78
7004,86,78
7011,63,78
7012,79,74
7013,69,78
7014,70,74
7018,70,74
7021,38,78
7022,25,78
7030,49,18
7031,13,18
7033,6,18
7034,25,18
7035,65,18
7036,8,18
7037,92,18
7038,15,18
7039,27,18
7040,42,18
7041,15,18
7042,37,18
7043,67,18
7044,64,18
7046,54,18
7047,61,18
7048,2,18
7049,21,18
7050,74,18
7057,12,18
7058,61,18
7059,8,18
7060,68,18
7061,5,18
7062,66,18
7063,2,18
7064,11,18
7065,73,18
7066,17,18
7067,48,18
7068,34,18
7069,88,18
7071,9,18
7072,81,18
7073,55,18
7074,4,18
7075,45,18
7077,24,18
7078,8,18
7079,23,18
7080,48,18
7081,59,18
7082,97,18
7083,12,18
7084,70,18
7085,71,18
7087,80,18
7088,79,18
7089,93,18
7090,11,18
7091,57,18
7092,85,18
7093,13,18
7094,4,18
7095,2,18
7096,3,18
7097,73,18
7102,70,74
7105,16,74
7110,81,12
7111,9,42
7112,80,12
7114,31,42
7115,10,42
7116,87,42
7119,85,12
7120,77,42
7122,84,74
7126,28,12
7127,36,12
7128,22,42
7129,42,12
7130,56,42
7131,85,42
7133,5,12
7134,75,12
7135,65,12
7138,12,12
7140,34,12
7148,7,56
7150,23,96
7157,13,68
7161,76,96
7162,91,50
7164,27,44
7167,86,96
7172,70,56
7173,90,96
7175,70,56
7177,87,56
7180,87,96
7181,70,68
7182,88,96
7183,90,44
7184,94,96
7185,27,56
7186,83,96
7187,42,44
7189,84,96
7191,62,44
7192,66,44
7196,33,44
7198,42,44
7199,58,44
7201,35,74
7202,54,74
7203,42,74
7205,8,74
7208,72,74
7211,16,74
7212,25,74
7213,82,74
7214,51,74
7215,69,74
7217,71,74
7218,21,74
7219,63,74
7220,99,74
7222,38,74
7224,75,74
7226,10,74
7228,29,74
7229,66,74
7231,58,74
7235,85,74
7236,98,74
7238,49,74
7239,72,74
7240,68,74
7241,69,74
7242,67,74
7244,69,92
7245,89,74
7246,77,74
7247,58,74
7250,92,74
7254,90,74
7255,9,74
7256,98,74
7259,72,74
7261,65,74
7264,53,74
7265,64,74
7266,70,74
7267,44,74
7269,50,74
7270,33,74
7271,96,74
7272,66,74
7273,87,74
7276,79,92
7277,39,74
7278,78,74
7279,70,74
7280,80,92
7282,84,74
7283,31,74
7284,74,74
7287,87,74
7291,75,74
7292,71,74
7294,19,74
7296,62,74
7297,27,74
7299,63,74
7305,44,54
7309,17,74
7313,45,74
7314,62,74
7317,80,74
7318,99,74
7320,69,44
7322,92,96
7325,20,68
7326,87,68
7327,87,96
7337,83,96
7343,46,68
7345,81,44
7347,42,56
7350,93,96
7351,16,18
7352,1,18
7353,27,18
7354,39,18
7356,5,18
7357,94,18
7358,46,18
7359,25,18
7360,6,18
7361,31,18
7362,50,18
7363,9,18
7366,72,18
7367,38,18
7368,48,18
7369,6,18
7370,33,18
7371,65,18
7372,73,18
7373,8,18
7374,42,18
7375,95,18
7376,96,18
7377,21,18
7378,12,18
7380,91,96
7381,90,96
7383,12,44
7384,95,96
7388,16,68
7389,95,96
7399,39,74
7409,70,74
7412,44,12
7413,13,42
7414,26,42
7416,32,12
7417,71,42
7419,86,12
7420,56,42
7421,22,12
7422,25,42
7425,70,42
7426,2,42
7427,33,42
7433,62,42
7434,24,42
7435,74,42
7438,38,42
7442,51,42
7443,33,42
7444,37,42
7446,55,42
7447,14,42
7450,74,12
7453,78,12
7455,87,12
7456,85,42
7458,43,42
7459,55,42
7460,90,42
7461,31,42
7462,86,12
7463,54,12
7464,29,42
7466,51,42
7467,57,42
7472,43,42
7475,14,12
7476,30,42
7477,71,42
7480,73,42
7481,56,42
7482,48,42
7483,61,42
7486,46,42
7487,26,42
7490,97,42
7494,28,12
7500,65,42
7501,90,42
7502,23,18
7504,39,42
7505,91,42
7506,32,12
7508,37,12
7509,72,12
7510,66,42
7512,21,12
7513,68,12
7514,36,12
7515,46,12
7516,43,12
7520,17,12
7521,81,42
7522,20,12
7523,91,12
7524,17,12
7525,61,42
7527,10,8
7531,30,42
7532,18,12
7537,92,42
7538,50,42
7539,52,42
7544,64,12
7545,18,12
7550,18,12
75505,,12
7551,54,74
7552,47,42
7554,28,12
7555,56,42
7561,40,12
7562,39,12
7564,84,12
7565,76,42
7567,77,42
7570,45,42
7571,20,12
7575,27,42
7578,5,12
7581,25,12
7585,42,12
7590,30,42
7593,17,12
7595,37,8
7596,23,12
7599,62,42
7600,89,84
7601,15,12
7602,45,42
7603,2,12
7604,36,12
7606,51,12
7607,23,42
7608,85,42
7609,92,42
7610,20,12
7611,11,12
7613,63,42
7614,59,12
7615,9,12
7616,25,12
7619,69,42
7621,26,12
7624,40,42
7625,69,12
7628,47,42
7630,27,12
7634,45,42
7635,99,42
7636,38,12
7637,92,42
7638,23,12
7640,56,12
7643,60,12
7646,61,12
7649,13,12
7670,42,42
7673,60,42
7674,19,12
7677,53,42
7678,91,12
7679,14,12
7681,13,42
7682,27,12
7683,48,12
7685,94,42
7686,34,12
7687,16,42
7689,12,42
7692,13,50
7694,8,12
7695,24,12
7698,68,42
7699,32,42
7701,46,84
7702,39,84
7707,63,84
7709,2,84
7711,70,84
7713,86,84
7715,85,84
7716,83,84
7717,90,84
7719,86,84
7721,70,84
7722,70,84
7723,69,84
7725,93,84
7726,89,78
7727,85,84
7729,88,84
7730,77,84
7731,64,84
7733,71,84
7734,71,84
7735,88,92
7739,82,92
7740,70,84
7741,74,84
7743,53,84
7744,73,84
7745,76,84
7746,98,84
7747,84,84
7749,54,84
7751,22,92
7752,33,92
7760,70,84
7762,95,84
7769,26,84
7771,98,84
7774,29,84
7775,24,84
7776,3,84
7777,70,84
7779,70,84
7780,66,84
7781,72,84
7782,13,84
7791,42,30
7792,54,30
7793,33,30
7794,70,30
7795,47,30
7800,70,30
7803,21,30
7804,33,30
7805,60,30
7806,94,30
7807,47,30
7808,23,30
7809,21,30
7810,11,30
7811,50,30
7812,68,30
7813,72,30
7814,69,30
7815,3,30
7818,37,30
7819,68,30
7820,19,30
7821,17,30
7822,47,30
7823,50,30
7826,96,30
7827,64,30
7831,4,30
7832,12,30
7833,59,30
7836,17,30
7837,11,30
7839,56,30
7840,26,30
7841,26,30
7844,36,8
7846,65,30
7847,32,30
7849,18,8
7850,33,30
7851,5,30
7856,46,30
7857,35,30
7859,86,30
7860,42,8
7863,23,30
7864,45,30
7865,8,30
7867,62,30
7868,76,30
7871,58,60
7872,42,30
7874,6,60
7875,85,30
7877,59,60
7878,9,30
7879,32,30
7883,43,30
7885,87,30
7886,4,60
7887,56,30
7888,56,60
7893,26,30
7896,30,30
7897,13,30
7898,23,30
7901,38,30
7902,49,30
7906,15,30
7908,23,60
7911,43,30
7912,55,30
7914,60,30
7915,75,30
7916,75,30
7917,58,60
7918,29,12
7919,33,30
7921,20,30
7922,80,30
7923,93,30
7925,34,60
7927,78,60
7928,40,60
7931,14,60
7932,59,30
7936,72,30
7937,58,30
7938,14,30
7939,47,30
7940,70,60
7942,66,60
7943,20,80
7944,79,30
7946,3,30
7947,12,60
7949,44,30
7951,53,30
7952,71,30
7953,41,30
7955,69,30
7956,52,30
7957,68,30
7962,24,30
7963,44,30
7965,48,92
7966,90,30
7970,74,60
7971,68,60
7972,57,30
7974,8,30
7975,17,30
7976,68,30
7979,22,84
7980,40,30
7981,67,30
7983,48,30
7984,49,30
7985,2,38
7986,61,30
7987,41,30
7988,65,60
7989,80,38
7990,76,30
7991,18,78
7992,11,30
7994,36,30
7995,97,60
7997,75,30
7999,95,92
8001,58,42
8002,83,42
8005,86,12
8006,74,42
8007,49,42
8008,44,12
8011,62,48
8012,80,42
8013,82,48
8014,36,42
8015,92,42
8016,63,48
8018,71,42
8020,78,42
8022,40,30
8023,46,8
8025,32,42
8029,58,48
8030,34,42
8031,83,42
8032,88,42
8035,92,92
8037,80,42
8039,24,42
8040,64,48
8041,73,42
8043,33,42
8045,77,42
8046,70,42
8050,96,84
8051,76,42
8052,53,42
8053,89,42
8056,38,8
8057,69,42
8058,83,42
8059,66,42
8060,72,42
8061,92,42
8065,94,42
8066,68,42
8070,44,42
8074,60,42
8075,62,42
8076,51,42
8077,23,42
8078,86,42
8079,36,42
8081,86,42
8084,78,42
8085,68,42
8086,73,84
8088,73,42
8089,38,42
8091,33,42
8093,49,42
8095,40,42
8097,56,42
8098,53,42
8101,40,42
8103,69,42
8104,65,42
8105,99,42
8107,7,48
8111,10,48
8113,10,60
8115,84,42
8117,43,42
8118,73,48
8119,20,42
8123,35,42
8125,17,42
8127,88,48
8129,20,42
8130,30,42
8131,12,42
8132,60,42
8133,61,42
8135,23,42
8136,6,42
8137,86,42
8138,52,42
8139,84,42
8141,91,42
8142,63,42
8143,4,48
8144,55,42
8147,20,42
8150,70,42
8151,83,42
8152,84,42
8153,22,42
8154,85,42
8157,79,8
8158,31,42
8159,62,42
8160,24,12
8163,24,12
8165,3,12
8166,9,12
8167,19,12
8173,76,12
8174,47,12
8179,17,12
8181,52,12
8185,12,12
8194,52,12
8198,37,12
8200,21,12
8202,25,12
8203,38,12
8207,36,12
8209,47,12
8214,52,12
8217,14,12
8218,54,12
8219,22,12
8225,20,42
8226,49,42
8227,5,12
8230,38,12
8233,78,12
8237,66,12
8242,56,12
8244,21,12
8247,3,12
8252,21,12
8253,31,44
8254,2,12
8255,18,12
8260,13,12
8267,40,12
8273,11,12
8275,14,42
8276,17,12
8278,23,12
8281,22,12
8282,85,12
8283,89,42
8285,88,42
8289,98,12
8291,65,12
8301,19,96
8303,,96
8304,61,96
8306,79,96
8308,83,96
8309,77,96
8316,82,96
8331,84,96
8334,88,96
8336,93,96
8337,85,96
8338,92,96
8341,88,96
8343,90,96
8344,91,96
8345,94,96
8346,91,96
8349,61,96
8354,80,96
8358,87,96
8359,92,96
8360,93,96
8361,96,96
8362,95,96
8364,84,96
8365,62,96
8366,84,96
8367,92,96
8368,95,96
8370,82,96
8377,93,96
8381,85,96
8383,41,96
8386,94,96
8387,93,96
8388,94,96
8392,96,96
8393,94,96
8395,93,96
8399,92,96
8410,44,96
8411,88,96
8416,79,96
8418,84,96
8421,21,
8424,44,44
8425,57,44
8439,81,44
8473,82,56
8508,93,44
8511,71,44
8515,43,44
8518,4,56
8522,93,96
8524,81,96
8537,88,96
8541,87,96
8542,57,96
8544,96,96
8550,95,96
8551,90,96
8558,86,96
8562,72,96
8563,65,96
8566,56,44
8570,51,44
8572,47,44
8584,18,44
8585,39,44
8591,91,44
8593,59,44
8595,29,56
8596,59,44
8600,78,96
8601,78,56
8604,73,56
8609,73,56
8613,62,56
8614,64,56
8616,76,56
8617,61,56
8622,62,56
8624,82,56
8628,74,56
8630,62,68
8697,63,44
8698,34,56
8699,45,56
8700,59,56
8704,70,56
8705,60,56
8706,47,56
8707,88,56
8708,60,56
8713,64,96
8714,87,96
8715,83,68
8725,65,68
8729,,68
8737,48,56
8739,75,56
8742,89,56
8746,18,56
8747,70,56
8750,82,68
8766,69,68
8769,24,18
8771,56,44
8772,57,44
8783,1,44
8789,53,44
8793,37,44
8795,73,68
8798,2,68
8801,31,32
8802,70,32
8803,37,32
8804,55,32
8818,73,32
8830,56,32
8835,55,42
8836,6,32
8841,85,32
8844,50,32
8848,48,32
8850,44,32
8860,39,32
8864,66,32
8869,12,32
8871,56,32
8876,50,18
8877,46,32
8881,68,32
8887,28,32
8891,10,32
8892,52,32
8894,2,32
8897,46,32
8898,46,32
8904,46,32
8908,49,32
8912,31,32
8914,16,32
8917,39,32
8918,79,32
8919,84,32
8920,50,18
8923,73,32
8927,65,32
8928,52,32
8929,25,32
8931,17,32
8934,52,32
8935,78,32
8938,6,32
8944,66,32
8945,48,32
8946,10,32
8995,81,32
8996,62,32
8999,25,32
9001,32,24
9003,40,24
9005,15,24
9006,36,24
9007,33,24
9008,32,24
9009,5,24
9010,23,24
9012,38,24
9017,26,24
9020,46,24
9021,10,24
9022,36,24
9023,10,24
9024,10,24
9025,16,24
9028,61,24
9029,70,24
9031,60,24
9033,33,24
9034,69,24
9036,86,24
9037,74,24
9039,57,24
9041,64,24
9042,58,24
9044,61,24
9045,30,24
9046,34,24
9048,45,24
9049,59,24
9051,65,24
9052,25,24
9057,49,24
9059,48,24
9060,45,24
9063,52,24
9064,34,24
9065,65,24
9067,96,24
9068,43,24
9069,60,24
9072,94,24
9073,22,24
9074,89,24
9075,91,24
9076,66,24
9081,20,24
9082,77,24
9083,48,24
9087,89,24
9090,10,24
9101,43,86
9104,43,86
9107,61,86
9110,90,86
9115,92,86
9119,76,86
9127,70,86
9130,74,86
9142,22,24
9143,36,24
9145,11,24
9147,93,24
9158,8,18
9159,81,18
9160,22,18
9162,6,18
9163,27,18
9165,87,18
9166,11,18
9168,2,18
9171,90,86
9173,40,86
9193,26,62
9201,26,2
9202,32,2
92025,,2
9204,21,2
9206,19,2
9211,14,18
9212,9,18
9213,88,18
9214,19,18
9215,62,18
9216,26,18
9218,31,18
9219,43,18
9220,71,18
9221,39,18
9223,5,18
9225,10,18
9227,91,18
9229,2,18
9233,29,2
9235,6,18
9236,50,18
9237,4,18
9238,2,18
9240,78,18
9241,52,18
9242,68,18
9244,72,18
9245,64,18
9246,9,18
9247,57,18
9248,20,18
9249,37,18
9250,8,18
9251,66,18
9252,26,18
9253,62,18
9254,12,18
9256,99,18
9257,72,18
9258,14,18
9259,59,18
9262,30,12
9264,53,42
9265,43,42
9267,23,12
9268,67,42
9270,96,42
9271,88,12
9272,26,18
9273,54,42
9274,79,42
9278,68,12
9279,56,12
9301,75,62
9302,64,62
9303,67,62
9304,79,62
9305,10,42
9306,73,62
9307,69,62
9308,71,86
9310,54,62
9311,63,62
9312,51,62
9313,65,62
9319,61,62
9322,70,62
9324,54,62
9325,68,62
9326,58,62
9327,7,62
9330,30,18
9331,29,18
9332,22,18
9336,67,18
9337,45,18
9338,75,18
9339,77,18
9340,60,18
9341,18,18
9342,5,18
9343,82,18
9344,73,18
9345,4,18
9346,59,18
9347,38,18
9348,15,18
9351,70,62
9353,78,62
9355,66,62
9360,47,8
9361,64,62
9362,63,62
9363,69,62
9364,55,62
9365,54,62
9366,67,62
9367,70,62
9368,47,62
9369,82,62
9376,70,18
9380,63,62
9381,64,62
9385,58,60
9399,1,8
9401,66,8
9404,23,8
9405,66,8
9408,76,8
9409,60,8
9412,98,8
9413,39,8
9414,36,8
9416,13,8
9417,14,8
9418,10,8
9419,42,8
9421,40,8
9423,21,8
9424,7,8
9425,2,8
9428,47,8
9432,38,8
9433,54,8
9434,49,8
94345,40,8
94346,38,8
9435,23,8
9436,80,8
9438,8,8
9439,46,18
9441,84,8
9444,2,8
9445,56,8
9446,84,8
9449,56,8
9450,25,8
9466,25,8
9467,9,8
9468,35,8
9470,34,8
9474,9,8
9475,36,8
9476,86,8
9478,87,8
9501,70,50
9502,86,50
9503,72,50
9504,53,50
9505,44,50
9506,21,50
9507,54,50
9508,59,50
9509,65,50
9511,22,50
9513,83,50
9514,45,50
9517,61,50
9519,94,50
9531,64,50
9532,70,50
9533,46,50
9534,70,50
9535,59,50
9536,52,50
9537,63,50
9539,47,50
9543,37,50
9551,83,50
9552,22,18
9553,64,18
9554,70,18
9556,11,18
9557,1,18
9558,32,18
9560,8,18
9561,4,18
9562,15,18
9563,42,18
9564,15,18
9565,11,18
9601,11,8
9602,11,8
9603,5,18
9605,72,8
9610,10,18
9612,20,18
9616,10,18
9619,73,18
9621,34,18
9622,57,18
9625,44,18
9627,35,12
9628,15,18
9629,5,8
9632,55,18
9633,82,32
9635,53,18
9636,42,18
9639,52,18
9640,56,8
9644,39,18
9647,41,18
9651,56,8
9656,32,18
9658,72,8
9661,28,18
9663,8,18
9672,33,18
9678,83,18
9679,78,18
9682,18,8
9684,34,8
9685,15,8
9686,53,18
9687,82,8
9691,90,8
9692,37,8
9697,13,8
9698,58,8
9699,26,18
9701,29,18
9702,88,8
9704,2,18
9706,33,32
9708,50,18
9709,65,8
9713,29,18
9715,61,18
9716,51,18
9720,30,18
9722,22,18
9723,29,18
9726,89,18
9729,44,18
9731,55,18
9733,55,18
9735,62,18
9739,53,8
9740,30,18
9742,68,8
9743,66,18
9744,31,18
9746,16,8
9753,63,8
9755,41,18
9757,26,18
9759,16,8
9760,5,18
9761,39,18
9763,40,42
9765,47,18
9766,51,8
9767,25,18
9768,46,18
9769,62,18
9778,9,18
9780,65,18
9782,57,18
9788,19,18
9790,31,8
9791,58,18
9793,53,18
9795,26,18
9799,23,8
9812,3,42
9816,50,32
9818,53,42
9820,59,32
9823,18,12
9824,70,42
9827,55,42
9828,9,12
9830,46,42
9831,77,12
9832,28,42
9835,37,12
9837,52,42
9842,45,12
9843,10,12
9845,70,60
9846,40,12
9849,30,42
9850,29,12
9853,31,12
9854,75,12
9856,41,12
9857,46,42
9861,40,12
9867,79,42
9869,33,42
9872,52,42
9876,30,12
9878,4,12
9880,97,92
9882,48,42
9885,21,42
9887,11,12
9888,66,42
9889,22,8
9890,83,12
9895,46,42
9896,41,42
9900,21,12
9902,27,42
9903,72,12
9904,5,12
9906,78,42
9908,62,42
9913,66,42
9914,6,42
9927,57,12
9928,34,8
9929,48,42
9930,30,42
9932,6,42
9934,74,42
9936,8,12
9941,89,42
9946,28,12
9948,33,12
9950,34,12
9955,62,42
9956,67,12
9959,50,12
9960,64,42
9962,88,42
9969,22,12
9972,60,42
9973,66,12
9974,11,12
9976,44,12
9978,18,12
9979,20,12
9980,67,12
9982,93,42
9983,86,12
9984,99,8
9986,37,42
9987,27,42
9989,11,12
9990,14,12
9991,58,42
9993,37,12
9994,16,12
9996,45,42
9997,41,12
